text,labels
Balochistan Earth Quake Pakistan army is terrorizing the people by aerial firing in Awaran http http,7
Earthquake 2013-09-28 02:39:43 (M5.0) EAST OF THE SOUTH SANDWICH ISLANDS -59.5 -19.1 (70fa9) http notice,7
M2.2: Puerto Rico region http,7
P A K I S T A N: N A S A releases images of Pakistan's '#Earthquake Island'  | http | c S C I E N C E |  |``,7
"【#USGS  M 1.5, Central Alaska: September 27, 2013 01:43:53 GMT http",7
Y F K volunteers share their views on Kashmir with Farah in her live Morning Show on A T V http,4
"It is ridiculous, rubbish. Now you're doing the same using Earth Quake for ur own filthy purposes. Pardon me fr my language.",8
Pakistan Peshawar A Message For Terrorists &amp; Their Supporters/Sympathizers http,8
Minister of State Sheikh Aftab: 9 soldiers and 4 civilians killed due to firing by Indian forces at Lo C Pakistan,0
Pic-9 K K F send relief goods for Balochistan Earthquake Victims Relief By K K F M Q M Pakistan http,4
Day 7th and some parts of Balochistan hit by Earth Quake are YET to receive relief aid. Pakistan,4
Breaking News: Powerful 6.8  rocks Pakistan again; Tremors in UAE? http,7
what does attack on  relief means? terrorist org dnt want to let anyone do good to Balochistan,7
"Karachi: Magnitude 7.2 earthquake jolts different parts of Sindh, Balochistan,Awaran Pakistan",7
Field Mecical Camps and lady doctors are also Reaching Earthquake Affected Areas in Balochistan Fed Minster Gen Rt Abdul Qadir P M L N,4
Interior Minister Chaudhry Nisar to visit  hit areas of Balochistan tomorrow.,7
Earthquake Births New Island off Pakistan : Natural Hazards http N A S A,7
Very Sad News : 2 consecutive Blasts in Qisa Khawani Bazar in Peshawar Pakistan currently reported dead 33... http,0
Death toll in Pakistan  rises to 210 - http via,0
"【#USGS  M 1.8, Nevada: September 28, 2013 21:06:29 GMT http",7
May ALLAH give them strength who's family/relatives dead in  my prayers r with them! pensive face,6
"Earthquake risk model coming for Canada, no  model yet http via",7
"USGS Earthquake Alert: M 2.8 - 55km N of Hatillo, Puerto Rico http",7
"USGS reports a M2.1  56km SW of Valdez, Alaska on 10/1/13 @ 10:33:11 UTC http",7
Osama Bin Laden raid  as a complete lie by Pakistan National TV  http,8
"Media calls J&amp;K attack on peace process, seeing what Pakistan said last night. Does the attack not look calculated?",8
Earthquake in western Pakistan kills 100s &amp; creates island off coast http,0
Pakistan: at least45 ppl hv been killed&amp;100injured following a 7.7earthquake in Balochistan Province-http://t.co/i1vs2ERpvo v,0
"USGS reports a M1.9  41km W of Anchorage, Alaska on 9/27/13 @ 8:39:13 UTC http",7
"【#USGS Breaking】 M 2.0, 74km SE of Whittier, Alaska http Past Hour",7
Deadly market bombing in Pakistan - The Age: Deadly market bombing in PakistanThe AgeDeadly market b... http Pakistan,8
"1.9 magnitude  84km NNW of Talkeetna, Alaska.http://t.co/Q0lBMrfNOc",7
"2.0 magnitude  42 km from Hilo, HI, United States.http://t.co/iVmZohl4EL",7
Khi:We need volunteers to support our rescue teams in  affected areas of Balochistan. Pls contact at 0321274215.,4
"USGS reports a M0  5km NW of The Geysers, California on 9/28/13 @ 16:32:33 UTC http",7
What is UN doing about 100000 that just became homeless (+unknown death toll) in Pakistan?,8
PTI Minority MPA Exposed the Politics of ANP &amp; PPP on Dead bodies: PTI Minority MPA Exposed the... http,0
I love Pakistan &amp; I'll serve it no matter what the circumstances are.. Its my promise to you my Dear Great Quaid http,6
Part 1/3 .. A mere tweet may not express my deep grief for the loss of Baloch Nation due to the quake yesterday..,6
"USGS Earthquake Alert: M 2.9 - 66km N of Hatillo, Puerto Rico http",7
Parts of Awaran are YET to receive Earth Quake Relief items even after the 6th day! Includes NokJu and malaar areas to na…,4
New Earthquake Mw 7.0 NEAR COAST OF SOUTHERN PERU: Magnitude   Mw 7.0 Region   NEAR COAST OF SOUTHERN PERU Date... http,7
And the   death toll rises to 400. May their souls RIP.,0
First request of the evening,8
Saddened by powerful 7.7 magn.earthquake that killed 250 people in Pakistan. Condolences for victims&amp;families and hope for a quick recovery,0
150+ tragically died while a new island was born due to the 7.8 mag  off the southern coast of Pakistan: http,0
2013 US Sumo Open [Earthquake (Cyrus Remix)]        ooohh killem http,8
"Article of Quaid-e-Tehreek Altaf Hussain in Express Tribune ""Dialogue, but with whom?"" Pakistan M Q M http",8
Pakistan quake death toll rises to over 300 U F O4 U Blog Asia http,0
M Q M Pakistan KPK govt dispatches 13 trucks of relief goods to Balochistan’s quake hit areas: PESHAWAR: On th... http,4
"【#USGS  M 1.2, Southern California: September 30, 2013 15:35:07 GMT http",7
"U S G S M 3.7, 30km WNW of Seeley, California http",7
Horrific tragedy.  Girl found dead on Karachi beach Evidence suggests she ws suffocated http Pakistan,8
And suddenly we all have forgotten the Earth Quake victims!,6
Every time somebody try to outshine my speakers I put em back in they place.,8
Obama with his family.  Pakistani family killed by Obama's drones.  U S Crimes U S Pakistan  http,8
Mb 4.6 - Pakistan (354) 2013-09-28 19:28:02 UTC  Alert http,7
PhotoAlbum: K K F send relief goods for Balochistan Earthquake Victims Relief By K K F M Q M Pakistan http,4
"No DJs, just music with  most played songs from the past 5 years. Tune in from 5pm to hear if  Earthquake made …",8
B L F Terrorist cheif Dr. Allah Nazr against Pakistan army Earthquake relief because he knows his lies are getting exposed,8
Just felt my bed shaking,7
And again I felt it,7
5-10 people killed by  in strikes on consecutive days in Pakistan. As yet none of their names are known: http,8
400 people have died in the Balochistan earthquake. May god have mercy on all their souls. Pakistan Calamity,0
Cal OES &amp;  Unveil North Coast Earthquake and Tsunami Response Plan in Cascadia Subduction … http,7
"1.7 magnitude  12 km from El Segundo, CA, United States.http://t.co/Q8ylml5cSA",7
"Death toll from  in Pakistan rises to 348, more than 500 injured. (AP)",0
Deadly blast hits Peshawer Pakistan. Dozens dead just a week after 80 Christians killed in church blast. http,0
Pic2: Prayers held for Hyderabad Massacre 30th September1988 at Lal Qila Ground Azizabad Karachi Pakistan http,6
This is Pakistan    Street vendor donating money to Awaran  relief Balochistan http,4
How the Media Covered the 1988 Spitak Earthquake: Multimedia Exhibit Launches in Gyumri http via,7
Instead of focusing on what I K said/meant/implied/dreamt/imagined go 2 the real issues of Pakistan: it bleeds.Pay attentio…,5
Ch. Nisar: 1000 Army troops on ground for relief efforts in Earthquake hit areas,7
"【#USGS  M 1.2, Southern California: September 29, 2013 00:48:32 GMT http",8
i didn't feel this one too.,8
"Magnitude 7 quake strikes off coast of Peru, no  alert, some damage to homes reported http",7
Anyone know what's happening in New Zealand? Hope everyone is OK. Earthquake,6
ML 4.0 SOUTHERN IRAN http Tomohon Kota. Com,7
News: K K F Have Dispatched Three Trucks Loaded with Relief Goods for Baluchistan Earthquake Victims Relief By K K F http,4
"According to Neta Crawford, total deaths in Afghanistan about same as in Pakistan. Big difference: In Pakistan NO U S casu…",0
"This  is only 4 days old, men have started  it already   B B C http",7
Video: K K F send relief goods for Balochistan Earthquake Victims Relief By K K F M Q M Pakistan http,4
"Earthquake of M 4.9, 104km NNE of Awaran, Pakistan http",7
Oxfam gears up its aid effort to help people affected by Pakistan earthquake http,4
sending love to those affected by pakistan,6
Depressed and sad to learn that 18 members of same family were killed today in Qisa Khwani Bazar Blast Peshawar Pakistan .,0
The Big Picture: Earthquake in remote Pakistan -- http,7
"1.6 magnitude  3 km from Avocado Heights, CA, United States.http://t.co/TgPuS8mHJN",7
"All ""Baloch Political Parties"" &amp; all ""Baloch Armed Group"" appeal to International'Orgs to help the victims of earthquake in …",4
hundreds dead in balochistan - http,0
Balochistan earthquake is heart breaking. Every single house damaged in Avaran region.,3
In pictures: Pakistan earthquake http,7
"Oh lord.   Update: 30 including 2 women dead, over 100 injured in twin bombings in Qisa Khawani Bazar. Pesh…",0
BBC News - Pakistan explosion: Dozens killed in Peshawar market http,0
Locals in Awaran telling Aid given by Army &amp; Govt is being set on fire by Militants in Mushkhey after once Army leave…,4
In Karachi urban terrorists have merged w/ sectarian terrorists on the ground M Q M A N P P P P Le J T T P  Pakistan,8
"2.0 magnitude  71km S of Tanaga Volcano, Alaska.http://t.co/MTu9lzORQt",7
.@TBIJ has launched a new website to track drone deaths in Pakistan &gt; http,0
348 people have lost their lives and more than 500 injured in Balochistan - Reports,0
"Pakistan forces transporting rations to quake-stricken area fired on, 4 dead  http",0
The death toll from 7.8 earthquake in Balochistan Pakistan rises officially to 328. http,0
"6.8 earthquake hits southwest Pakistan, days after another quake in same region. Already damaged buildings hit: http",3
"A significant  was reported by the USGS: M 6.8 - 80km SSW of Acari, Peru",7
285 people were killed in Awaran while 43 were killed in Kech district due to massive earthquake http,0
"(Breaking News) Tremors felt in Karachi, Larkana and Quetta",7
MT  Balochistan 7.7 Magnitude Earthquake http Pakistan,7
"This is a new  magnitude 7.2, aftershocks can be recorded hours later Pakistan - Chief Meteorologist  Tauseef Alam Pakistan",7
Very sad   Over 320 people killed in Pakistan   Thoughts and prayers with the families who lost loved ones. RIP,0
"P A K Q U E T T A 5militants killed in exchange of gunfire as they attacked security check-post in Panjgur area of Balochistan ,FC officials say",0
Pakistan is in our thoughts as they recover from the earthquake. The remoteness of affected communities highlights the need for resiliencefolded hands,6
Another  of 6.8 magnitude.,7
M2.6: Southern Alaska http,7
Pakistan’s quake-hit area jolted my massive aftershock http Earthquake,7
"Temblorhot springs M 2.8, 41km N of Hatillo, Puerto Rico http Earthquake Sismo",7
Awaran Earthquake. Forces committed to help people. Nation supporting Soldiers. Trolls and sick mafia finding faults.,4
"USGS M 6.7, 81km NE of L'Esperance Rock, New Zealand: Monday, September 30, 2013 05:55:54 UTCSunda... http",7
Pakistan Earthquake Was So Powerful It Created a New Island http,7
"Dr.HafeezUrRehman,President Al Khidmat reached Awaraan with RescueTeam,the most quake-affected Area&amp; moving more deep in town Balochistan",7
T T P r terrorists who r NOT stakeholders in Pakistan &amp; r NOT fighting a foreign invasion. They have killed over 40000 innocent Pakistanis,8
"The immensity of destruction.. “The Crisis in Haiti: An Assessment,” Earthquake Cab Converg Peacebuilding http",7
Need ration bags for Earth Quake affectees urgently. Team Pakistan Youth Alliance leaving for Awaraan and Malaar early in th…,4
A new island was created near Pakistan after an earthquake semalam! This is awesome but at the same time freaky ;( Pakistan,7
The helpless Indian Prime Minster only matches the powerless Pakistani President in terms of balance of protocol India…,8
New major earthquake rocks southwest Pakistan Pakistan http,7
Pic3: Prayers held for Pakka Qila Hyderabad Massacre at Lal Qila Ground 90 Karachi Pakistan http,6
"【#USGS Breaking】 M 4.8, 221km NW of Saumlaki, Indonesia http Past Hour",7
"Balochistan Death, Destruction and Guns  Earthquake Awaran http",0
NYTimes: Toll in Pakistani Earthquake Rises Past 300 http,0
"2.5 magnitude  15 km from Hollister, CA, United States.http://t.co/RfXFFoei8l",7
Pakistan scrambles to reach  victims http Aljazeera,0
Here is an idea.. instead of whining about non issues..Can we all focus on just the Balochistan Earthquake for next 2 day…,6
"Islamabad's persistent Close Door Policy, Disallowing Int'l Aid Agencies to Rescue, Relief &amp; Rehabilitate Earthquake …",7
Dr Malik's national party &amp; its student wing BSO(Pajjar) involve in rescue work from day one. Earthquake Balochistan M…,4
Bureau of Investigative Journalism launches major project: 'Naming the Dead' in Pakistan Drone Strikes  http,8
B L A terrorists active in Balochistan to stop Pak Military doctors/engineers from helping  victims!,0
"Earthquake M 3.3, 168km SSW of Amatignak Island, Alaska: Friday, September 27, 2013 22:32:37 UTCSaturday, Sep... http",7
Pakistan: deadly bomb blast kills dozens in Peshawar,0
Meanwhile in Pakistan a devastating earthquake has taken over 500 lives...Help out by donating to Baloch CM's Fund http,0
"USGS reports a M1.4  41km NE of Sutton-Alpine, Alaska on 9/26/13 @ 6:58:32 UTC http",7
In order to help  affected people please do contact at  111-157-157 (NDMA) - NDMA Chairman Maj Gen Syed Aleem.,7
Is this my Country we dreamed4? Why V r afraid2take action 4these B..ds Where Is Humanity K P K Pakistan http,8
While nation is busy in helping Earthquake victims Taliban Khan is busy in developing his ally's  distribution network.. T T P Offices P T I,4
"M 2.1, Central Alaska http",7
"5.2 magnitude  290km ESE of Vostok, Russia.http://t.co/z6G2sabXjg",7
"Female Pillion-rider killed by unknown assailants in Lahore - News Tribe: Geo News, PakistanFemale P... http",8
"Balochistan Quake: An island has emerged in Gwadar on ""Paddi-Zer"" side. Balochistan Earthquake http",7
"Just wondering if (God forbid) Earthquake had hit Punjab instead of Balochistan, would Nawaz Sharif still have continued his…",8
"""It was not an aftershock it was an independent earthquake,"" Zahid Rafi, director of the National Seismic Centre of Pakistan  Earthquake",7
"USGS reports a M1.7  38km E of Cantwell, Alaska on 9/28/13 @ 2:53:21 UTC http",7
Balochistan: Awaran Needs International Assistance http Balochistan Earthquake victims still w…,4
Earthquake in Pakistan - At least 327  and 400 injured - Deadliest earthquake since October 2011!  - http,0
China sends relief goods for quake victims:  http,4
Seismologist says quake island will disappear over time Balochistan Gwadar http,7
"Earthquake in Balochistan, for details watch Pakistan At9 now on Capital T V.",7
Update:More than 300 lost their life in Earth Quake.. Plz pray for their souls. Allah un sab ko Jannat mn aala maqam ata farmaye,0
"【#USGS  M 1.4, northern Alaska: October 01, 2013 07:48:00 GMT http",8
"2.0 magnitude  83km N of Manley Hot Springs, Alaska.http://t.co/oxUj6OLIoP",7
While Earthquake effected areas of Balochistan yearn for relief but  continue to target  helicopters with rockets!,4
Awaran needs help and ruling party P M L N's performance is not gud. Even P M Nawaz Sharif ignored Balochistan's situation at…,7
Amazing that T T P's facebook page is active in Pakistan while PTA has blocked our page Zaid Hamid Exposition,8
"Earthquake in Sindh and Balochistan: Some of the cities were tremors were felt are Karachi, L... http",7
Container damaged in firing    - See more at http,8
150 trucks carrying supplies for Balochistan earthquake victims stopped by Pakistan SecurityForces- LocalNGO-SPO,4
Pic-16 K K F send relief goods for Balochistan Earthquake Victims Relief By K K F M Q M Pakistan http,4
Just In: Death Toll In Balochistan Expctd To Reach 50 ..100 Injuries Reported ..#BalochistanEarthQua…,0
Teachable Moment - Magnitude 7.7 Earthquake in Pakistan http,7
"The destruction in Labach, a village in Awaran district. 3 ppl were killed and 52 injured http",0
Found helicopters hovering above but none reached the ground for help where many are still waiting for food and shelter.…,4
K K F Send Relief Goods For Balochistan Earthquake Victims Relief By K K F M Q M http,4
Sooooon. Some major early support on this one. :)       http,8
Earthquake victims flown from Kech and Quetta are also being treated in Govt's Lyari General Hospital Karachi.,2
"Two teenage girls killed,  suspected http Pakistan”",8
Pic-22 K K F send relief goods for Balochistan Earthquake Victims Relief By K K F M Q M Pakistan http,4
"(News) Scale of  Nearly all of Mashkai town flattened, say survivors http Balochistan",3
M 4.8 - Atlantic Ocean - North Greenland [Kujalleq] Prins Christians Sund: Preliminary Earthquake... http,7
Women victims of Earth Quake are more needy. Female volunteers needed in Awaran http,4
Appeal for Donation. J U D Releif Earthquake Awaran http,4
"September 30, 1988. More Than 250 Innocent People Were Shot Dead In 5 Minutes! Hyderabad Massacre Pakistan",0
“@WSJ: Photos of the  that appeared after powerful Pakistan  http A S I A,7
Island Emerges After Pakistan Earthquake http via,7
Pic-10 K K F send relief goods for Balochistan Earthquake Victims Relief By K K F M Q M Pakistan http,4
"Remember Dr Tu Q when he said Vote4 None, well India's SC will add this box on the ballot paper. Wakeup Pakistan Rise Pakistan Pakistan",8
Pak Votes Home News National Govt capable of dealing with situation in quake affected ... - Associat... http Pakistan,7
"Also let us not forget the victims of earthquakes in Pakistan, we all are thinking of the survivors and their rescuers",6
RIP to all those lost in the massive  in Pakistan you will be remembered by a new  To Soon,6
Baloch Govt with aid from federal/other provincial govts &amp; Army struggling hard to provide relief but lot need to be done still Awaran,4
Shake Out Tip: Get  alerts from the  and preparedness tips - all via the  earthquake app: http,7
College of Charleston professor says Pakistan earthquake was felt in South Carolina http,7
Awaran Earthquake it's reality,8
MicroMappers launched for Pakistan  response - join to help the efforts: http v  …,4
May Allah give us strength to bear the loss of lives because of the Earthquake in Balochistan Pakistan Y'all are worth our prayers,6
It's decent to keep that aside/recognize the quick response of Pak Military to Balochistan  despite B L A attacks,7
Pic-25 K K F send relief goods for Balochistan Earthquake Victims Relief By K K F M Q M Pakistan http,4
Pic8: K K F Send Relief Goods For Balochistan Earthquake Victims Relief By K K F M Q M http,4
"M 1.3, Central Alaska http",7
D G Khan students collecting donations for Balochistan  Quake Affected People near Press Club removed by police&amp;agencies,4
Innovation Calypso Technology said that the Australian Securities Exchange (ASX) has cleared its fi... http Pakistan,8
"--&gt;   CM Punjab, Punjab Govt donate Rs 100m to Prime Minister's Balochistan Earthquake Relief Fund Pakis…",4
"M 2.8, Alaska Peninsula: September 27, 2013 01:12:31 GMT http",7
"New Earthquake Pastday M 3.1, Virgin Islands region http",7
M 4.4 - North-America United States [Alaska] Port Alexander: Preliminary Earthquake Report:  Da... http,7
P A K I S T A N: Nawaz Blundered By Going Against Kayani's Warning Not To Adopt A Surrender Strategy http,8
"Deputy Speaker Balochistan Assembly Abdul Qudoos Bizenjo says 1000 died in  40K houses damaged, 300k people affected",0
12 confirmed dead many injured because of today's  in Mashkay - Govt. Of Balochistan,0
"M 2.8, Central Alaska: September 28, 2013 22:26:21 GMT http",7
"The A I D S pandemic was killing 5,000 Zimbabweans a week: http Zimbabwe Indonesia Pakistan Lahore …",0
T T P issued video of attack that killed Major Sanaullah and other Pak Army Officers Peshawar Bleeds Pakistan http,8
"45,000 houses destroyed in Awaran and Kech  than 300 deadbodies recovered from rubles,victims need imme…",0
A new island emerged after   :),7
"Earthquake at 1km NE of Borazjan, Iran 4.7 M. Detph 10.0 Km. - 2013-10-01 01:44:40 UTC http",7
Join us for the Non Stop Relief4 Balochistan for our brothers in Awaran. Earthquake http,4
"Taliban  detonate bomb inside civil govt. employee / pure civilian bus in Peshawar, Pakistan. 17 killed, …",8
Pak Votes How Did the Pakistan Earthquake Create a Mud Island? - National Geographic: National Geogr... http Pakistan,7
Balochistan Earthquake victim of mother nature.And Baloch Genocide by  &amp; the silent international community. htt…,6
"【#USGS  M 3.5, Island of Hawaii, Hawaii: September 26, 2013 18:36:02 GMT http",7
Pakistan earthquake update: Humanitarian partners are supporting Government authorities to provide assistance http,4
As many as 98% of those killed by drone strikes are civilians. Pakistan Somalia   http,0
Qissa Khwani Blast Peshawar: death toll raised; 44 persons killed and injured over 90. K P Pakistan L R H,0
Reuters: Death toll from Pakistan quake reaches 327 - officials,0
P A K I S T A N: THE C H R I S T I A N S ARE DYING FOR US TO HELP - By Jenny McCartney - The Telegraph  http,8
"For the bereaved and injured in Kenya and Pakistan Holy Spirit Divine, please console and comfort in Jesus name! Europa Afri…",6
What's with the Balochistan CMs and the UK? Balochisan Earthquake,8
"Balochistan quake area struck again | AJE's Kamal Hyder: ""We're hearing that several districts have been affected"" http",3
M 3.2 - Caribean Sea U.S. Virgin Islands [Saint Thomas Island] Charlotte Amalie: Preliminary Eart... http,7
"i wonder why federal government is not allowing International NGO,s to help  effected areas of Balochistan",8
More than 230 killed in major earthquake in Balochistan http via,0
BREAKING: Tsunami warning after 7.0  off Peru coast http,7
Pakistan earthquake: Hundreds dead in Balochistan http Nepal Needs To Focus Preventive Measures Before It Is Too Late.,0
CM Balochistan confirms 11 killed in Awaran during Saturday’s  http,0
"1.59 magnitude  54km SSW of Beatty, Nevada.http://t.co/XOLIsSVM3e",7
A 13 year old girl in school uniform found dead(and raped) in Seaview Karachi  Are young girls the new Shias of Pakistan?,0
M2.3: Puerto Rico region http,7
"NEW  PERU, M7.0, 11:42a CT today, much damage, no casualties report yet - seismogram http",3
Earthquake victims of Balochistan need your help! Contact +973-39297469 to hand over your donations. Do your part &amp; save,4
"Sismo Earthquake M 1.5, 9km NE of Gilroy, California http",7
Earthquake in Peru 6.8 ; Earthquake on Iran &amp; Pakistan border 7.7,7
Fukushima Nuke Power Plant : Nothing serious. http   Politics   C N N Economy A B C B B C F O X,7
"On a serious note, please donate generously for the Earthquake victims. Aap naya iPhone ya naya console baad main bhi khare…",4
"Earthquake of M 4.9, 89km WSW of Awaran, Pakistan http",7
"[WW] 2013-09-25 22:23:47 UTC | at 100km ESE of King Salmon, Alaska → 58.449°N 155.003°W | 2.9 SR, depth 100.00km        ...  Earthquake",7
May Allah grant forgiveness to all who died in the earthquake in pakistan! Pakistan,6
Earthquake May Allah have mercy and give strength to all victims and families.,6
Pakistan earthquake kills hundreds as new island formed - Channel 4 News: The News Internation... http,0
150 trucks carrying supplies 4 Balochistan earthquake vics stopped by Pakistan SecurityForces-LocalN…,4
"Indian PM Manmohan Singh said Pakistan must stop being ""the epicentre of  ahead of talks with Nawaz Sharif.",8
"Strongly condemn Peshawar Blast, my thoughts with brave people of Peshawar &amp; K P K today. Pakistan Peace",6
Two more islands have emerged off the Balochistan coast after the earthquake - http Pakistan,7
Awaran is one of poorest areas in Pakistan with development indicators worse than Ethopia Balochistan,8
"Earthquake 2 - 14km SSE of Indios, Puerto Rico http",7
We're proud to be sponsoring Shake Out B C for  safety awareness: http,4
"U S G S M 2.8, 67km NNW of Charlotte Amalie, U.S. Virgin Islands http",7
OH BC HAHAHAHAHAAH xD  Earthquake http,8
"Earthquake of M 6.6, Sea of Okhotsk http",7
(Twitteralert) Twitter alert: What would you  the new  http Pakistan Gwadar Balochistan,7
"【#USGS  M 1.7, Island of Hawaii, Hawaii: September 30, 2013 21:21:12 GMT http",7
"【#USGS Breaking】 M 1.6, 4km SW of Yucca Valley, California http Past Hour",7
U S G S: Magnitude-6.8  has struck Awaran city in Pakistan's Balochistan province. More soon... http,7
Devastating aftermath of bus  that killed 17 people carrying Pakistan government workers http via,0
Pakistan Army in support of Baloch people in Awaran Balochistan Earthquake http,4
Pakistan Pakistan earthquake region struck again - The Independent: The IndependentPakistan earthquake region... http,7
YaAllah another one ! We already have Pmln M Q M A N P :/ y these  now :(,8
Today Show 'Situation in Baluchistan after Massive Earthquake' how Pakistan response! any question?,7
Please pray for my country Balochistan Awaran Gwadar    http,6
"Another  jolts shattered Balochistan district, kills 15 | updates http Awaran Pakistan",0
"1.7 magnitude  21 mi from Yucaipa, CA, United States.http://t.co/LuxBhfpY39",7
Balochistan quake: The rising death toll; Many people feared to be remained under wreckage http,0
Poor Balochistan already squeezed from all sides is again victim of huge  :(,7
Earthquake in Mexico.      http,7
"Humanity Defeated Again in Pakistan, Over 80 Christians Killed http via",0
"Comparing Imran khan with Zaid Hamid; i guess latter still makes way more sense than Imran khan, have to admit. Pakistan T T P P T I",8
"USGS reports a M3  5km SW of Volcano, Hawaii on 9/30/13 @ 8:28:46 UTC http",7
The death toll from yesterday's massive  has now risen to more than 300 people with even more injured.... http,0
How Did the Pakistan Earthquake Create a Mud Island? http,7
"Relief By K K F   K K F Send Relief Goods For Balochistan Earthquake Victims"" http",4
Hundreds dead in Pakistan earthquake http,0
Blast in Peshawar in a bus. 17 dead. Whats happening with security of KPK? What is P T I doing? This is so sad.  :( Pakistan,0
Gilly drops like an earthquake.. S N L   I'm in tears http,8
Indeed! Terrible human tragedy. What we see on tv is only 40% of the plight of Baloch ppl. Awaran Earth Quake,6
"local partner rehabilitated water supply scheme, providing water to half the population of …",3
"【#USGS Breaking】 M 1.9, 77km SW of Manley Hot Springs, Alaska http Past Hour",7
Balochistan Earth Quake relief work + Political Parties + Civil Society N G Os + Writers r silent and P M L N issuing press release. Pakistan,4
"Floods, Target Killing and now massive Earthquake. Yet the people of Pakistan are searching for a Pakistan Idol. Sa…",8
Pakistan Earthquake: New Island Emerges in Arabian Sea [FIRST PHOTOS]: http,7
"Earthquake of M 6.8 - 96km NNE of Awaran, Pakistan http",7
"2.0 magnitude  14 km from Watsonville, CA, United States.http://t.co/6PgFlLntmF",7
Sep24 New Island Rises Out of the Sea During 7.8 Earthquake in Pakistan http Pakistan,7
"Pakistan Air Force dropping relief supplies over Awaran, Baluchistan - after the devastating earthquake. http",4
"On this Friday our prayers for ppl of Pakistan, Syria, Egypt, Myanmar, Burma, Bangladesh, Colorado Flood and al…",6
"【#USGS  M 1.7, Southern Alaska: September 30, 2013 23:26:09 GMT http",7
More than 300 killed in Pakistan earthquake http,0
"(News) Final warning: Raise salaries or face contempt charges, IHC tells government http Islamabad Pakist…",8
"Earthquake M 3.4, 18km NNW of Otra Banda, Dominican Republic: Thursday, September 26, 2013 22:12:43 UTCThursd... http",7
Fajr time in Karachi Say your   Muslims Pakistan,6
"Pakistan doesnt learn u had two earthquakes in less than an week, but they are still bombing.",7
"1.8 magnitude  30 mi from Alpine, CA, United States.http://t.co/wSUtr3Hf1N",7
To the people of  that wasn't an earthquake...I just turned my vibrator on. So sorry.,8
"MT  VIDEO: ""My mother was killed by a US  http  Pakistan War Costs",0
there was an earthquake in Pakistan? wow,8
Field hockey...           http,8
In  Balochistan EarthQuake - program NDMA's Military Official Continue to Refuse accepting outside help  http,7
"6.7  133km ENE of L'Esperance Rock, New Zealand",7
Deadly bomb blast killed 37 in Pakistan http via  Peshawar Blast Pakistan Taliban T T P,0
"USGS reports a M0.7  6km WNW of The Geysers, California on 9/26/13 @ 1:29:36 UTC http",7
Iranian media says police shot and killed a  shortly before entering police H Q in Balochistan's port town of Chabahar.,8
"Earthquake 4.6 - 48km WSW of Iranshahr, Iran http",7
"Death nums rises to 400, may ALLAH rest their souls,",6
"""@SAMAATV: Pak Army, FC troops continue relief operation in  areas | SAMAA TV http",4
I think New Island off-shore Gwadar cud help Pakistan make a case in U N for water boundary extension. Any Experts on International Laws??,7
"Temblorhot springs M 4.5, 270km SE of Lambasa, Fiji http Earthquake Sismo",7
BBC News - India PM Singh in 'terror' warning to Pakistan ahead of talks http,7
"U S G S M 4.5, 26km NNE of Poso, Indonesia http   http",7
Islam DOES NOT give Permission to attack Minorities. Don't blame or accuse Islam of all these wrongdoings. Pakistan Pesh…,8
"QuakeFactor M 3.7, Southern California: Monday, September 30, 2013 04:23:28 UTCSunday, Sep... http",7
A new Island arises after Earthquake  Alert http,7
A white man's collateral damage is a brown man's holocaust   Africa India Iraq Afghanistan Syria Pakistan Libya,8
Mostly Earthquake affected area in Balochistan is under influence of B L A causing difficulty in rescue process.,7
Earth Quake Again In S I N D H nd Balochistan May Allah Protect Us Ameen,6
“At least 328 people have been confirmed dead and more than 450 injured”  Plz. Pray for the victims of  http,0
"Just In:Se[eratsts Attacked At Army Check Post In Punjgur Balochistan, Killed Five Persnl",8
7.7 on the riktor scale pensive facepensive face Earthquake powerful enough to create a knew island wow! Allah hu Akbar Pakistan,7
PM Nawaz Sharif Said in U N that Pakistan is Responsible Nuclear Country.  New York U S A India Asia http,7
The mystery of Pakistan’s new   island... http,7
"Salute2 Pak Army 4Helping Earthquack Victims, Song4 Pakistan Army http Earthquake T T P Balochistan Quetta May Allah",4
A glimpse of destruction Earth Quake Awaran http,7
N A S A satellite images confirm creation of new island after Pakistan earthquake. http,7
Earthquake Pakistan's National Institute of Oceanography say island a temporary thing It may disappear next monsoon http,7
Malik Riaz offers to reconstruct homes destroyed in earthquake  -http://t.co/UAZsAoRhRb  Malik Riaz Pakistan…,7
Chairman  is in the Earthquake region of Awaran from Day First. Relief4 Balochistan http,7
"S I S M O Earthquake - Magnitude 4.9 - S U L A W E S I, I N D O N E S I A - 2013 September 29, 00:20:00 UTC: http vía",7
M1.6: western Montana http,7
Unconfirmed reports that militants have fired rockets at a helicopter flying over region struck by a massive earthquake,8
Prof. G. Nabi injured by those who are big supporters of international terrorists and some arrested from Punjab uni.,0
K K F send relief goods for Balochistan Earthquake Victims Relief By K K F M Q M Pakistan http,4
Earth Observing E O Pakistan Satellite Imagery Shows Pakistan Island That Emergd Aftr Huge Earthquake http,7
"Pakistan - Aid agency  is planning to help 10,000 people with clean  improved sanitation, mosquito nets",4
"Balochistan Earthquake Don't buy lies of Pakistan army, media and fake liberals on twitter. Read &amp;  http Balochistan",8
"Just in: 4 including 3 women killed in Rawalpindi, Gulistan Colony Pakistan",0
Sunday bloody Sunday.  Thoughts today with the brave people of Peshawar   K P   R I P,8
Photo: Rescue and relief efforts by Pakistan Army continue in earthquake affected areas of Balochistan. http,7
N A S A Releases Pictures of Pakistan “MUD Island” Formed by Earthquake.  http,7
Pakistan  released frozen  that cristalised to form a new  off the coast of Gwadar http,7
BREAKING NEWS: Tsunami warning after 7.0  off Peru coast http,5
"3.6 magnitude  28 mi from Alpine, CA, United States.http://t.co/ENsI4Qd1hu",7
Reports of Pakistan army having barred U N aid convoy from traveling to Occupied Balochistan's earthquake hit areas,7
The Meteorological Dept. of Pakistan says that the  measured 7.2 on the Richter scale. Balochistan Sindh…,7
“@BijjarBaloch:  20 people have been killed (so far) in NOKJO Mashkay in todays,0
"Magnitude 7.2  jolts different parts of Sindh, Balochistan Awaran Pakistan Dunyatv",7
"More than 80 people were killed last Sunday when two suicide bombers attacked a church in Peshawar, Pakistan. http",8
"Najmiddin Jalolov, one of many Central Asians killed in Pakistan by  One of few we know anything about: http",8
"【#USGS Breaking】 M 1.1, 4km ENE of Cabazon, California http Past Hour",8
Pakistan-# India peace process must help alleviate Kashmiri sufferings/HR abuses: we can't have Hamlet without Prince of Denmark!,8
Hundreds die in a 7.7-magnitude Pakistan   http,0
"India &amp; Pakistan, Aman Ka Lora  Enough said.",8
God help those people who are suffering because of the quake in Pakistan.,6
Praying for those who got injured in the   in Pakistan folded hands,6
We will provide every possible support to the Earthquake victims of Balochistan: CM Punjab Mian Shahbaz Sharif. Cap…,6
One more call from Allah; ab tou sudhar jao Pakistanio! Earthquake,6
Sismo Earthquake - Mag: 4.6 - 140km al suroeste de Ndoi - Fiji - [13:28-UTC 26-09-13] http,7
Still astonished at what the Earth can do. In regards to the new island near Pakistan. Amazing power. My thoughts go out to those affected.,7
"Interior Minister, Punjab CM and Balochistan Chief Minister visit the quake hit areas in Balochistan.",7
139 Dead In Mexico Storm http Karachi Lahore Islamabad Pakistan,0
T T P stands for Terrorist Tactics against Pakistan,8
"3.7 - 15.4 km (9.6 mi) N of Ocotillo, CA http",8
"【#USGS  M 1.5, Central California: September 28, 2013 10:25:43 GMT http",8
"Earthquake of M 4.7, Owen Fracture Zone Region http",7
Pakistan: Global Map of Southwestern Pakistan - Land Use (26 Sep 2013) http,7
New Earthquake mb 5.4 TONGA: Magnitude   mb 5.4 Region   TONGA Date time   2013-09-30 22:41:03.0 UTC Location... http,7
"A photo by me, taken during  featured in  at http",7
Someone asked how they could help the Pakistan# earthquake survivors. This is a good charity organization that I... http,4
Another quake jolts shattered Balochistan district http via,7
“@MansoorGeoNews: CM Balochistan returning back today Earthquake”,8
"USGS reports a M4.9  104km NNE of Awaran, Pakistan on 9/27/13 @ 18:08:41 UTC http",7
"More devastation in Mashakhel, Awaran as new 7.2 magnitude  hits, days after a temblor in the same region left…",7
"Team P Y A made deliveries to Earthquake hit Bela, Sri Malaar and Awaran. Total destruction reported and zero aid accessed. Donate P Y A",3
M 3.0 - North-America United States [Alaska] Whittier: Preliminary Earthquake Report:  Date/Tim... http,7
Nasa releases images of new island formed in Pakistan earthquake - The Independent http,7
Atlantis theories welcomed.   Here's the island that rose from the sea after Pakistan earthquake. http,7
"Interesting article in  on how AI, twitter &amp; digital volunteers collaborated to respond after  http",4
"Why  tweeting against Pakistan state and army ,when army is busy in relief and rescue work in Balochistan",4
"Q U E T T A: At least 421 people have been killed, 21 thousand houses affected due to  in Balochistan, Chairman NDMA says.",0
M 3.4 - Caribean Sea Puerto Rico [Culebra Municipio] Culebra: Preliminary Earthquake Report:  D... http,7
Pakistan Government not letting UN agencies officially respond to massive earthquake in Balochistan,7
"Earthquake M 3.2, 59km NNW of Charlotte Amalie, U.S. Virgin Islands: Saturday, September 28, 2013 05:44:32 UT... http",7
"Please  for all those affected by Tuesday’s earthquake in Pakistan, which killed more than 320 people http",6
Balochistan  Four  receive  aid at CHK http,4
"Pakistan ISPR employed cretin,Zaid Hamid warns he(i.e Army)will deal with P T I like he deals with Kharijis(i.e T T P) http",8
"Earthquake jolts Sindh and Balochistan again, tremors felt in Karachi and Awaraan as well. Pakistan",7
"An  measuring 6.1 on the Richter scale has struck off the shore of southern Mexico and near Guatemala, the U S (USGS) says.",7
"Day3 &amp; CM Balochistan still in London, despite of a massive Earth Quake; had this been IK, PTI or KPK things would have be…",8
CWS emergency response team is on standby and assessing the situation after strong Pakistan  http,7
"Sismo Earthquake M 2.3, 60km SW of Valdez, Alaska http",7
"(#An) 40 40 Saturn 33, 20:20 Tribulation, 20:20 Earthquake, 20:20 Tsunami, 20:20 Death Card,2/3 of Japan,20:20 Wicked Manifest 72/11",7
is inviting businesses 2 enter a comp to help women in M E N A &amp; particularly in Afghanistan Pakistan find work.  Work,8
12 dead in border clashes before India/# Pakistan PM's meet http,0
"1.6 magnitude  30 mi from Barstow, CA, United States.http://t.co/PgLEb4e1GY",7
Welcome to Roshan Pakistan as Petrol prices rise to 114 Rs per liter and Electricity rate increase 6 Rs per unit Shair Aya,8
Awaran after Earth Quake.. Balochistan http,7
Army as usual the first ones to reach for rescue operations here in Balochistan.,7
M Q M introduced service in politics of Pakistan and its charity wing K K F always in front line to help needy person. …,4
Most of us are well aware that Wa state is  country – learn the needed prep to give you peace of mind... http,6
M 3.2 - North-America United States [Hawaii] Kalaoa: Preliminary Earthquake Report:  Date/Time:... http,7
""" Pakistan is at war with  &amp; U S A  . """,8
"M 4.4, off the coast of Southeastern Alaska http",7
A Bird’s Eye View of Earth’s Newest Island http via  Baluchistan Earthquake Pakistan,7
M 4.1 - South-America Chile [Antofagasta] Calama: Preliminary Earthquake Report:  Date/Time: 29... http,7
"""@BBCBreaking: At least 328 people are known to have died in powerful  in Pakistan, hundreds more injured http",0
"Please Help the Earth Quake Victims directly, Instead of Pakistani Army or Government",4
M Q M Pakistan Death toll rises to 328 in Awaran earthquake: AWARAN: The death toll from a powerful earthquake... http,0
Pakistan: Death toll reaches over 250 in a powerful earthquake in south-western province,0
"On 30th September, 2009 - A 7.9 magnitude  strikes just off the coast of Sumatra, killing around 1,100 in Indonesia.",0
"Sismo Earthquake M 2.6, 79km NNW of Road Town, British Virgin Islands http",7
"348 dead, 500 injured and rising. You are in my prayers Balochistan",0
Video: K K F send relief goods for Balochistan Earthquake Victims Relief By K K F M Q M Pakistan,4
41m  International community has offered assistance4the people affected by  in Balochistan.but it must reach here,4
"Warning: Barking racism ahead. MT  What's your reaction to the Islamist attacks in Kenya, Pakistan and Nigeria?",8
This was not aftershock but a new Earth Quake. Chief Meteorologist told to media. Pakistan Sindh Balochistan http,7
Pakistan's 'Earthquake mountain': The island that appeared from the sea - http | http | Pakistan,7
Death toll in Pakistan earthquake reaches 210,0
Magnitude 6.8  strikes Pakistan - USGS. See more news on http,7
M 4.4 - South-America Chile [Antofagasta] San Pedro de Atacama: Preliminary Earthquake Report:  ... http,7
Balochistan Earthquake Entire villages have been wrecked. Almost 0.5 mil people affected.Pls help the victims in whatever yo…,4
Balochistan needs our help :(,4
"It's so sad =o( Makes u think what's valuable in life""@AJELive: Quake survivors desperate for food &amp; water http Pakistan",4
K K F send another Relief Goods truck For Balochistan Earthquake Victims Relief By K K F M Q M Pakistan http,4
The ticking time bomb beneath Quetta   http,5
"USGS reports a M2.6  20km SSE of Redoubt Volcano, Alaska on 9/26/13 @ 7:39:54 UTC http",7
"Second  in Pakistan: M S F waiting for safe passage to Arawan area,  concerned about potential new casualties",7
Pak Army's Generals chalking out strategy for Rescue&amp; Relief operations for the Earth Quake hit areas http,7
Death toll from earthquake in southwestern Pakistan rises to 327 people - local officials,0
"Relief nt reaching fault of India (BLA)Earthquake fault of US funded HARP,bth fault of conspiracy funded by Israel Balochistan seen by Pak",8
Sir Noorey ko kia parwa. Munshi kehta hey aor $ IMF se a rahey hien. Ye paisey  wali awam ko deythey…,8
message from Awaran  If any1 wants 2deliver aid may easily proceed even in strongest hold of Baloch separatists n…,7
Breaking: magnitude 7.0 earthquake rocks Karachi and other parts of Balochistan and Sindh,7
Pakistan earthquake: Hundreds dead in Balochistan http Awaran Balochistan Earth Quake Pakistan,0
I'm either high on sugar or it's the earthquake.,8
"This happened today,  Pakistan    http  via",6
":Land Mine Bomb Blast In Deenari Patt Area Of Occupied Balochistan 2 People's Have Been Criticaly Injured,",8
Paid journalists who always sing praise for Pakistan now have problems wid Pak cause her lie got exposed. Hypocrisy !!  Dehati Aurat,8
"M6.7 - 81km NE of L'Esperance Rock, New Zealand  2013-09-30 14:55:54 JST  http   http",7
How to help Balochistan Earthquake vicitims. Please share &amp;  for all. Pakistan?  http http,4
Pakistan Quake Death Toll Surges Above 300 http,0
"[@DunyaTV] One person killed, alleged target killer arrested in Karachi http Karachi Pakistan",8
People who wanna help  affectees in Baluchistan can contact,4
Death Toll in Balochistan Earthquake Rises to 515 http,0
M 3 - Europe Italy [Calabria] Soverato Superiore: Preliminary Earthquake Report:  Date/Time: 26... http,7
"USGS reports a M1.3  15km SE of Anza, California on 9/28/13 @ 7:29:28 UTC http",7
Death toll reaching 327 in the recent earthquake in Pakistan .May Allah bless the affectees.Ameen.   Pakistan,0
"Breaking: USGS reporting another quake in Baluchistan. This time 6.8, 14km depth. 27.263N, 65.587E Pakistan",7
"N Z     6.7 - KERMADEC ISLANDS, NEW ZEALAND http http",7
"Earthquake M 1.5, Central California http",7
Me when earthquake drops..#SNL    http,8
"Another strong Jolt of Earth Quake hit the Baluchistan province of Pakistan,Many houses wr destroyed,Many civil remained under collapsed",3
Nawaz Sharif establishes a fund for assistance and relief of  victims of Balochistan P M L N Pakistan Dunyatv,4
"More than 328 dead, 400 injured because of 7.8 magnitude  in 6 districts of Balochistan. http",0
Implementing partner National Rural Support Programme (NRSP) sets up our tents in Pakistan after 2  hit. http,7
West of our country hit by a massive Earth Quake and people of the Islamic Republic of Pakistan's prioritize to attend a C…,7
One dead several injured as bus overturns in Orangi Town: KARACHI: A man was killed and severa... http,0
At least 12 dead in powerful new Balochistan earthquake: officials:            A... http,0
"Magnitude 1.8  48.3 km NE of Pinnacles Ridge, NV http",7
"MT ""@RadioPakistan: A PAF C-130 transport aircraft dropped relief goods in earthquake affected Awaran area of Balochistan Pakistan""",4
Pic12: Prayers held for Pakka Qila Hyderabad Massacre at Lal Qila Ground 90 Karachi Pakistan http,6
Magnitude 6.8  strikes off southern coast of Peru http,7
"Be it France or UK, Muslim Girls are fighting 4 their Rights 2 wear Hijab in Schools/Colleges, but in Pakistan its the opp…",8
"USGS reports a M0.9  10km WNW of Cobb, California on 9/25/13 @ 22:32:57 UTC http",7
"6.8 - 96km NNE of Awaran, Pakistan http PLEASE STAY SAFE,BE CAREFUL OF AFTERSHOCKS,",5
"【#USGS Breaking】 M 2.0, 5km S of Volcano, Hawaii http Past Hour",7
"After blasts and firings, the new cliche is  :S",8
"6.8 magnitude earthquake in Pakistan, tremors felt in and around Delhi! Earthquake",7
Ameer Jamat Ud Dawa Engr.Naveed Qamar arrived with Releif Goods in Earthquake region of Awaran.  J U D Releif. http,4
"2.3 magnitude  4 mi from Daly City, CA, United States.http://t.co/gnNfMDmkXs",7
"M 2.5, Central Alaska: September 29, 2013 04:44:01 GMT http",7
"""We nevr punish ppl unless We've sent a messenger"". Quran. Promised Messiah writes. Ahmadiyya Islam http",8
"Question for P M L N Drmalik Baloch + P M N S, Is Balochistan Earthquake on the agenda of your govt? Pakistan Balochistan",8
"【#USGS  6.1 - OFFSHORE CHIAPAS, MEXICO: Date: Thu, 26 Sep 2013 06:46:04 UTC... http",7
Pakistan quake survivors struggle to cope http Earthquake,2
"Earthquake M 3.2, Wyoming http",7
Strong quake in Pakistan kills more than 250 people http Beachlover. Talk  Pakistan Islamabad,0
Editorial: Earthquakes and aid http,7
M1.3: Central Alaska http,7
"Watching the Baluchistan  footage and am astounded. People living in mud huts, barren land. A forgotten corne…",6
Update Earthquake: 300 soldiers busy in rescue as of now.Strength will grow to 1000 by late morning. 40 deaths being re…,0
"India &amp; others don't want negotiation b/w T T P &amp; Pakistan shud take place, that is y they 1st killed TTP's leader &amp; then…",8
Balochistan  Magnitude 5 aftershock hits Awaran http Pakistan via,7
Earthquake in Balochistan. Tremors felt in Delhi. Clear proof of Indian involvement in Balochistan.,7
A small island appears after a massive quake in  near Gwadar these lands are incredible.  http,7
515: Number of dead in this week's Pakistan earthquake rises http,0
Earthquake death toll reaches 355,0
"Earthquake M 4.7, 24km NW of Kalumpang, Indonesia: Sunday, September 29, 2013 00:20:03 UTCSunday, September 2... http",7
"MORE: USGS downgrades  magnitude to 6.6. Epicenter S of Acari, Peru. No reports of damage yet.",7
"M 4.8, Fiji Islands Region http Tomohon Kota. Com",7
Pakistan 17 killed in bus bombing  http via,8
"USGS reports a M1.2  7km WNW of The Geysers, California on 9/29/13 @ 17:43:03 UTC http",7
Seismologist says Pakistan quake island unlikely to last long http,7
"Like in 1971,we will kick Pak A$$ again an help  Balochistan g…",8
M 4.6 - Pacific Ocean - East Tonga [Tongatapu] Havelu: Preliminary Earthquake Report:  Date/Tim... http,7
"Earthquake  : help and support your brothers in need , Pakistan",6
"USGS reports a M1.7  13km W of Progreso, Mexico on 9/27/13 @ 21:50:56 UTC http",7
Pakistani villagers reel from quake http,7
"New Earthquake Pastday M 2.7, Puerto Rico region http",7
Earthquake: DC Awaran says several houses collapsed in quake of 7.2 magnitude,3
News: M Q M Chief Altaf Hussain appeals to philanthropists for generous donations Earthquake K K F Pakistan http,4
'Awaiting Aid: People affected by Balochistan Earthquake face growing problems as response teams struggle to help' http,4
Karachi: Dead body of 14-year-old  recovered from Sea View Pakistan,0
attack Stgo. Pon Chile today        http,8
Aamir Sohail said: Misbah has proved himself by performing consistently well. He even deserves to play T20i for Pakis…,8
"One Again, heavy Earthquake in Hyderabad S Indh, Awaran Sindh and Baluchistan",7
"Of course, they would now turn to their sole Messiah, the P T A that shares their bigotry, for rescue! Pakistan",8
22+ dead as powerful new  hits Pakistan. http,0
6.8 Earthquake || Pakistan http,7
No words are needed Iraq Libya Egypt  Pakistan Afghanistan Yemen Bangladesh Syria  &amp; so on http,8
Pakistan: 7.4-magnitude Earthquake - http,7
Pakistan: DG ISPR says 476 people died and 425 received injuries in the recent  in Balochistan F B Mr A R Q Info,0
Silence: Earth is talking! http -   Earthquake  Hurricane Environment,7
USGS: New  measuring 6.8 in magnitude occurred in Pakistan's Balochistan district of Awaran | Developing: http,7
Pakistan earthquake:  &amp; humanitarian partners stand ready to support Gov’s ongoing relief effort if requested - http,4
After 1000s of innocents killed in KPK there shud be popular armed action against Tbn:CONCEPT OF BADAL.But why still not?#Pakistan,0
B B C's  at protests over Golden Dawn party arrests +@AleemMaqbool's on island created by Pakistan quake: The Newsroom live now,7
M Q M has no mandate in Balochistan; but K K F amongst the first responders for Earth Quake Victims. Im proud of my Quaid. Relie…,4
K K F send relief goods for Balochistan Earthquake victims M Q M http Relief By K K F via,4
BBC News - Satellite measures Pakistan 'quake island' http,7
Deadly blast rocks Pakistan’s northwestern city of Peshawar http via,7
"Intresting trend on Twitter:  India, Lets Have Aman Ki Asha With Taliban Too, Earthquake, Balochistan Pakistan",8
"USGS reports a M0.9  5km WNW of Cobb, California on 9/26/13 @ 6:14:06 UTC http",7
"""@PakMilitaryNews Addresses of Pak Army's Collection Points for P Krelief items for earthquake affected &gt; http Pakistan",7
War &amp; Dialogue for Peace in Pakistan.... Good topic &amp; Good Discussion going on in  With Rj,8
Thanks friends for appreciating show tonight...!  belongs to its Listeners... Naya Pakistan Insha Allah...!,8
Korat Pakistan hit by 7.8-magnitude  USGS http,7
Five Indian Soldiers and Six Policemen dead in Indian occupied Kashmir. Pakistan http,0
Youngsters also working with relief and donation camps voluntarily for Balochistan Earthquake Victims Really Appreciatble effort Pakistan,4
3 FC personnel martyred &amp; 2 others injured during a clash with terrorists. 4 Terrorists sent to hell. Panjgur Balochis…,8
"According to UNDP Earthquake Update: Death toll rises to 515 |  Balochistan ,  Quetta ,  Awaran  Pakistan",0
Prayers for everyone who has been affected by the  in Pakistan,6
Pic9: Prayers held for Pakka Qila Hyderabad Massacre at Lal Qila Ground 90 Karachi Pakistan http,6
Pakistan  appeal to militants http,8
"Dr.Hafeez, President AKF left from bela to Awaraan, the most quake-affected Area with 3relief trucks, 10Ambulances and 50volunteers. Awaran",4
"Blood Help | AB -ve Blood Urgently Required at Lahore General Hospital Lahore, Pakistan | Contact 0345-842-9933 | /via",4
"""@VeengasJ: Awaran is looking for help. Balochistan""",4
Abdul Quddos Bazanjo: We urged militants not to attack rescue teams as people of Balochistan need relief.,7
"Pakistan earthquake update: over 80% of mud houses in Awaran District, Balochistan reportedly damaged - http",3
DPO Awaran says two rockets fired at FC checkpost in Earthquake hit city. No loss of life reported Balochistan,7
"Earthquake M 5.0, 142km NNW of Kandrian, Papua New Guinea: Monday, September 30, 2013 12:25:25 UTCMonday, Sep... http",7
5.1  Sun Sep 29 12:39:15 CDT 2013 near Southeast Indian Ridge http,7
"2013-09-29 09:01:26 UTC | at 2km NE of Wofford Heights, California → 35.718°N 118.439°W | 1.5 SR, depth 2.70km          ...  Earthquake",7
Meeting this morning... what to do in case of a  or,5
ML 4.1 EASTERN TURKEY http Tomohon Kota. Com,7
"Imagery: Damage Assessment for Gajar Area, Awaran District, Balochistan Prov. Pakistan (9/26/13 22:00GMT)  http",3
"1.7 magnitude  8 km from Milpitas, CA, United States.http://t.co/ktHdKVD6NC",7
"【#USGS  M 2.6, Southern Yukon Territory, Canada http Pastday",7
"USGS reports a M0  15km ESE of Yosemite Valley, California on 9/30/13 @ 5:31:31 UTC http",7
Islamists are beyond pathetic and disgusting Prayers for all the Innocent lives lost in  Nigeria Egypt Pakistan http,8
"Kuril Islands    (GMT) M 5.3, Kuril Islands http",7
"No emergency or surgical medical facilities in Awaran - seriously injured have to be airlifted out. 264 dead, more than 4…",0
One dead several injured as bus overturns in Orangi Town,0
Pakistan earthquake death toll rises to 350 http Pakistan,0
Terrorists Harbyar/Brahamdagh enjoy C I A+# Indian $$ in U K Swiss while Pak Military busy saving Balochistan after  |…,8
"【NO NATO, NO WAR!! WE DONT KILL FOR YOU NO MORE!!  http",8
Altaf Hussian appeal to M Q M's workers of K P K to donate blood for injured people http Save Peshawar Pa…,4
"【#USGS  M 1.1, Southern California: September 28, 2013 04:52:34 GMT http",7
"Magnitude 3.1 Earthquake in Sweetwater County, southwest Wyoming. http",7
"Dr.Hafeez President AKF left Bela to Awaran, the most quake-affected Area with 3 relief trucks,10 Ambulances &amp; 50 volunt…",4
Another two islands emerge off coast http Earthquake looks like a planned move to raise islands for Bah…,8
Another big  shake Pakistan 6.8 http,7
"Survivors wait for food, aid after Pakistan quake: AP National News VideoMore&gt;&gt; ... sky or in ... http",4
"Death toll rising: Insurgents blocking quake relief, says Qadir Baloch http  Pakistan via",0
N A S A images of the new  in Gawadar: http Balochistanearth Quake Pakistan,8
"QuakeFactor M 6.8, near the coast of southern Peru: Wednesday, September 25, 2013 16:42:42... http",7
"In other words those who seek to control the Balochistan story are succeeding, even when the story is a humanitarian one",8
People of Balochistan need your help. Awaran Earthquake http,4
NewZealand is gonna sink if it keeps this up! Earthquake -Central.,7
"【#USGS Breaking】 M 5.1, Southeast Indian Ridge http Past Hour",7
"USGS reports a M1.3  74km ENE of Cape Yakataga, Alaska on 9/26/13 @ 23:49:59 UTC http",7
Oh how much I feel this! N U S T Earthquake  http,8
"CJP have you found out where your 'Missing Persons' are? They are attacking Earthquake relief workers, Med teams &amp; Soldiers. Balochistan",1
"【#USGS Breaking】 M 1.1, 20km ESE of Anza, California http Past Hour",7
"TalkShow:  in Part-2 GEO Aman Ki Asha Special Program on Pakistan, India relationship M Q M http",8
Over 100 people killed in Peshawar in just 7days. And an earthquake in SW Pakistan has killed over 500 - tragic week for the country,0
Yes / No? Do you agree with this assessment of media's hypocrite role in Church blast &amp; Earthquake in Balochistan? . http,8
We just had an  rumble through Frederick M D !  It lasted about 2-3 seconds,7
Useful update on Balochistan Earthquake by NDMA http,7
"Temblorhot springs M 3.0, 172km E of Chitina, Alaska http Earthquake Sismo",7
Pakistan bus blast leaves many dead and injured in Peshawar: Bomb targeted at… http,0
Quake in Pakistan: Hundreds of patients being treated in aftermath of last quake flee hospital in panic: http,7
"【#USGS  M 2.5, Southern California http Pasthour",6
Nasa releases images of new island formed in occupied Balochistan earthquake http,7
Rescue and relief efforts by Pakistan Army continue in earthquake affected areas of Balochistan http,7
imagine people in Pakistan would view us if we helped them w  retrofits versus building more weapons,4
Stop worrying about new island formed by  Its nothing will wipe out after some time. Just a result of upward pressure.,7
M1.4: Central Alaska http,7
PM Nawaz Sharif has taken serious notice of delay in the relief operations in the Earthquake affected areas.,4
Listen to M S F’s  on  on difficulties of getting aid into conflict zones Pakistan  http,4
B L A Terrorists attempting to hamper Rescue &amp; Relief ops of Pakistan army/FC by Shooting at relief workers &amp; Earthquake victims. Awaran,7
B L A terrorists   Another attack on helicopter helping  affectees near (cont) http,7
"M 2.9, 52km N of Hatillo, Puerto Rico http",7
"Earthquake M 1.1, Greater Los Angeles area, California http",7
when waves of Earthquake traveled through our office http,7
“@CNBCPAKISTAN: Breaking: Death toll in Balochistan  rises to 336. Pakistan”,0
UN ready to assist quake-hit people Balochistan Pakistan http,4
"New Island Off Pakistan's Coast May Be Mud Volcano, Scientists Say (PHOTOS) http",7
"【#USGS Breaking】 M 2.5, 95km WSW of Healy, Alaska http Past Hour",8
Bus  in Pakistan kills 17 government workers and leaves over 40 injured http http,0
to win free tix to  previews! Starts Oct14th  Tidal Wave Donna Summer Stevie Wonder Bar…,8
Families in tear.Poor still in pain.Death tol crosses 600 n Media excited abt the other 2 islands found. Balochi…,0
"【#USGS  M 1.6, San Francisco Bay area, California: September 26, 2013... http",5
"Just in: Official sources in Awaran say casualties feared in Nokjo,near Mashkay, after recent 7.2 earthq…",7
Video: Altaf Hussian appeal to M Q M's workers of K P K to donate blood for injured people in Peshawar blast Pakistan http,4
Pakistan quake region struck again http,7
"""@BRP_Official: Two women killed in security forces laid landmine blast in Dera Bugti. BRP Media Cell http",0
"USGS reports a M2  74km SE of Whittier, Alaska on 9/27/13 @ 22:40:45 UTC http",7
Is Pakistan located on active hot spots?  Earth Quake,8
Attacks on Earthquake relief efforts is sufficient proof that Indian funded &amp; trained B L A wants to enslave people of Balochistan.,7
"USGS reports a M0.6  9km W of Cobb, California on 9/29/13 @ 8:24:55 UTC http",7
An earthquake creates new island in Pakistan! News-O-Matic has the story at 5pm EST on the Pad.,7
Plz help the victims of  hit areas of Awaran &amp; Kech by depositing your donations at the donation camp of Pk M A P.,4
"Translation: Balochistan Earthquake - Statement of Dr. Allah Nazar, by Gibran Peshimam, http",7
"Local sources say more than 400 dead, over 600 injured by  Awaran",0
"Earthquake at 20km ESE of Mecca, California 2.6 M. Detph 1.9 Km. - 2013-09-27 09:22:16 UTC http",7
9/30@3:55am--  prediction Ref.9/28@10:20am Tweet. EMSC saying 5.8 in the Northern Mid-Atlantic Ridge about 39 mins ago.,7
"""@TheIslamicUmmah: Pakistan scrambles to reach quake victims http Aljazeera Inna Lillah wa inna ilayhi rajioon"" Ameen",7
Pic4: K K F Send Relief Goods For Balochistan Earthquake Victims Relief By K K F M Q M http,4
"Earthquake M 5.4, 125km W of Attu Station, Alaska: Wednesday, September 25, 2013 13:58:14 UTCThursday, Septem... http",7
volunteers unloading Dry Ration in Awaran.  Relief4 Balochistan http,4
More than 230 killed in huge Balochistan quake; aftershocks continue http,0
V.important   basics by  - http,5
Earthquake in Edmond just now?,7
Balochistan Earthquake victims complaining bout missing trucks carrying relief goods.#MyPakistan,4
Perhaps God is not happy with us pardoning the killers of thousands of innocents. Earth Quake,8
Pakistan Earthquake death toll jumps to 348 http,0
P A K I S T A N: Nawaz Blundered By Going Against Kayani's Warning Not To Adopt A Surrender Strategy - BBC  http,8
"TTP have accepted the responsibility of Baluchistan  and creating new island.#PossibleNamesOfNewIsland  ""Mehsud Kh…",7
"【#USGS Breaking】 M 1.4, 43km WNW of Gabbs, Nevada http Past Hour",7
"1.9 magnitude  8 mi from Rancho Cucamonga, CA, United States.http://t.co/gq2CxytqBK",7
A new  has struck the southwestern Pakistani province of Balochistan | Developing story: http,7
Pic-2 K K F dispatched another round of relief goods for Balochistan Earthquake victims M Q M Pakistan http,4
"Quetta: Balochistan earthquake affected remote areas still waiting for relief, living under open sky with hunger and thirst. (Sadam Brohi)",4
-Update: More than 20 killed in another powerful 7.2 magnitude earthquake in Nokjo area of Mashkay Balochistan. Death toll feared to rise.,0
N A S A Releases Images of Pakistan 'Mud Island' Formed By Earthquake - http http,7
Karachi The Express TribuneKidnapped and murdered: Girl found dead on Karachi beachThe Express Trib... http Pakistan,0
"Troops of PakArmy and FC were moved last night for rescue operation  affected areas,strength has now risen to…",4
Another earthquake hits southwest Pakistan - 6.8. So far 12 dead,7
"U S G S M 2.6, 80km NNW of Charlotte Amalie, U.S. Virgin Islands http",7
Building Soan Dam in  Pakistan can bring US dollar back to below Rs 20 within 3-4 years. (and I am dead serious ),8
Now stop overreacting on Bullshit !! Pakistan India Pms Meeting Pakistan Amman Ki Aasha Dead http,8
Photo: I make that ass shake!    http,8
Pk Army barbarism in Balochistan continue even afterD earthquake disaster 5... http Balochistan Panjgoor via,8
Earthquake - death toll spikes to 307 in Awaran &amp; Kech areas of Balochistan - worst affected.,0
Please help us find missing white large dog Lee-chan http Sendai Japan. one of the two loyal,8
Is August 8 artificial earthquake terrorism failure?  http      =   N W O,8
didn't Pakistan just have a 7.7 earthquake? Prolly not a good place for nuclear reactors.,7
More: upto 120 seriously wounded by Earthquake in Awaran and other parts of Balochistan are to be shifted to Karachi,0
Punjabi DCO of D G Khan forcibly removed d camp conducted by Baloch student 4 collecting fund 4 Quake affectees of Ba…,2
"Common White People Questions ""Where is your reservation?"" you should  A J E Live Pakistan politician Imran Khan injured",8
Unfortunately more than 200 killed in massive Pakistan Earthquake,0
"You know what's fucked up? People saying ""I didn't feel the Earthquake at all."" like they were deprived of some joy.",7
A new island discovered at Gwadar after Earthquake where Methane Gas is found. Pakistan is truly blessed,7
eve dancing to earthquake   http,8
India PM Singh in 'terror' warning to Pakistan ahead of talks http,8
KKF sent relief goods for Balochistan Earthquake victims Relief By K K F Altaf Hussain  http,4
Pakistan gov't releases close-up photos of island created by deadly quake. http http,7
"Salute to all those professionals,who r providing relief services to the Balochistan  victims. Pakistan http",6
"USGS reports a M4.7  24km NW of Kalumpang, Indonesia on 9/29/13 @ 0:20:03 UTC http",7
Earthquake in Pakistan - Problematic rescue / relief efforts in Taliban areas! - Security incidents reported  - http,4
Pakistan Army Ops &amp; U S Drones in F A T A have only led to deaths of thousands of civilians in F A T A (3/7),0
"Today  of   M8.1, 2009, in pacific ocean, killed 192 people in different islands,  Samoa and Tonga",0
More than 270 killed in huge Pakistan quake http,0
"Is there a  camp, some way to help out people in",4
Can Your Phone Double as a Cutting-Edge Earthquake Detector?: When you grow up in… http,8
Wave of deadly attacks spell gloom for Taliban peace talks  Pakistan http,8
Post on FB says  shows the power and displeasure of God. That's one hell of a sadomasochistic tyrant u assclowns believe in,6
QeT said Extremism is beginning to stifle the spirit of Pakistan and the dreams of the founding fathers are turning into nightmares.,8
"Earthquake M 1.8, Kenai Peninsula, Alaska http",7
"Earthquake M 4.5, 7km SSW of Kichera, Russia: Sunday, September 29, 2013 09:04:22 UTCSunday, September 29, 20... http",7
Massive respect for  The way he defended Pakistan and affronted Indian anchor person is quite commendable. …,8
HELP REQUEST for Earthquake Pakistan sufferers I S A A R Y H Desk http,4
"""@KaleemAltafi: M Q M's Rabita Committee said terrorists had killed Syed Hasan Jawad’s brother Engineer Ali Haider e…",8
"Earthquake at 112km WSW of Puerto Madero, Mexico 4.4 M. Detph 39.1 Km. - 2013-09-26 09:57:19 UTC http",7
Link: http … Salute2 Pak Army 4Helpin Earthquake Victims Of Pakistan  Lets Have Aman Ki Asha With Taliban Too M Q M,0
"Just as rain gives life to the dead  , the Quran and Sunnah give life to the dead hearts.",0
"USGS reports a M4.8  107km WSW of Puerto Madero, Mexico on 9/27/13 @ 5:40:45 UTC http",7
Stay Safe Pakistan! Earthquake  Balochistan,6
"ALLAH g Protect us and help us to recognize right from wrong, truth from lies and Light from darkness.. Ameen Pakistan",6
Balochistan  Earth Quake Support Baloch. GOD BLESS THEM..,6
"P A K I S T A N 2000 personnel of  providing relief, 476 people killed, half million injured in Balochistan  DG I S P R P M L N N P",0
"USGS reports a M1.7  73km W of Healy, Alaska on 9/29/13 @ 3:18:35 UTC http",7
"【#USGS Breaking】 M 1.3, 71km WSW of Cantwell, Alaska http Past Hour",7
Kaithi [#Google Rep.] really excited bout Pakistan said by  G F Eweek P K,8
"+10 ""@haziq_qadri: Happy birthday to our Quaid  sb. Allah bless you always. Kashmir Pakistan""",8
"Pakistan earthquake: C A R E staff are safe, assessing the situation. Area is remote and sparsely populated, difficult t…",7
"New Earthquake Pasthour M 2.8, Northern California http",7
"RIP in little one! body of a  killed in Peshawar Church Blast was recovered today during cleaning, acc to BBC urdu. …",0
Pakistan earthquake: we're mobilizing our contingency stocks in Hyderabad to help with immediate needs http,4
The earth that shakes tell you to stay grounded,7
Aftershocks expected after 7.2 earthquake Balochistan Karachi Pakistan,7
M Q M Quaid Altaf Hussain Appeals to Philanthropists for Generous Donations Relief By K K F Pakistan,4
"New Earthquake Magnitude 2.9, Tuesday, October 1 2013 at 11:19:01 pm (NZDT), 5 km south-east of Seddon: Public... http",7
M  7.0  PAKISTAN: Magnitude  M  7.0Region  PAKISTANDate time  2013-09-28   07:34:14.0 UTCLocation ... http,7
Relief and rescue operation continues in the quake struck areas of Baluchistan as death toll in Saturday’s  rises…,7
"Guard, two dacoits killed in robbery attempt in Karachi http Karachi Pakistan",8
More awesome  from  Everything you need to know about the Pakistan earthquake in under 6 minutes http,7
"""thousands are homeless in desperate need of help@  on  Pakistan earthquake",4
"Firing at helicopter carrying relief goods for earthquake victims in Awaran district, no loss reported. Pakistan",7
My thoughts and prayers for all those affected by earthquake in Pakistan. May the world come together and help them,6
KKF Send Relief Goods For Balochistan Earthquake Victims    http,4
"【#USGS  M 1.2, Kenai Peninsula, Alaska: October 01, 2013 13:29:19 GMT http",7
MQM denounces Rangers raid on Landhi office - The News International http Pakistan,8
Pakistan Pakistan earthquake: Hundreds dead in Balochistan | BBC - http,0
"1.6 magnitude  35 mi from Oildale, CA, United States.http://t.co/QMs5Ykp5zD",7
"for adil bhai..   “@aurAdil: India &amp; Pakistan, Aman Ka Lora  Enough said.”",8
"M 1.4, Southern Alaska http",7
"Despite attacks on  relief workers, most Pakistani politicians/media reluctant to condemn B L A terrorists ba…",7
M Q M's charitable wing K K F send relief goods for Balochistan Earthquake victims http via,4
Massive Earthquake Leaves At Least 271 Dead In Pakistan http,0
"“@AFP: BREAKING  At least 12 dead in powerful new 6.8 magnitude Pakistan  """,0
"If Harvard can have a dress code, why can’t N U S T? writes  here: http Pakistan”",8
At least 12 killed in Peshawar explosion http News Pakistan,0
pk Army and Pk Govt... trying their level best for Rescue..  WHERE r all Baloch Nationalist Sardaars and BLA...?,1
Plz beware the fake profiles spreading fake news using identical tweets. We Baloch love Pak Army Earth Quake Awaran ht…,8
"【#USGS  M 1.1, Central California: October 01, 2013 05:34:48 GMT http",8
"Earthquake of M 5.0 - 6km NW of Curanilahue, Chile http",7
"2.1 magnitude  35km W of Valdez, Alaska.http://t.co/HabPfx3wBY",7
Pray for Earthquake Victims ... Quetta Balochistan Pakistan,6
Link: http … … Salute2 Pak Army 4Helpin Earthquack Victims Of Pakistan Nawaz Sharif Zindabaad Pop Song Pakistanis,6
Security fears hold back relief work in quake-hit Balochistan  http Pakistan,7
Drop like an  face with tears of joy with Jordyn Carboni ! RORO AND SOPHY    http,8
“@PatrickMeier: Tag Tweets to Support Earthquake Relief Efforts in Pakistan! http,6
Karachi: T T P local commander killed in clash http  Pakistan svia,0
"6.7 magnitude  137km ENE of L'Esperance Rock, New Zealand.http://t.co/WjW23pH76G",7
"Quake M 2.5, Northern California - http",7
Some geologist are saying the Earthquake was so massive that Pakistan's coastline has permanently been changed Prayfor P…,7
Over 330 peoples are killed in Earthquake in Baluchistan. Many are still missing. Pakistan,0
meanwhile in Pakistan the death toll rises to 330. Earthquake,0
"【#USGS Breaking】 M 1.9, 39km WSW of Whittier, Alaska http Past Hour",6
Nasa rleased pic of newly formed island in  after  in Pakistan http,7
The deadliest earthquakes in Asia since 2010 http via,7
"4.8 magnitude  221km NW of Saumlaki, Indonesia.http://t.co/06ZgW6eBEL",7
"Jamat'ud'Dawa volunteers are rescuing victims in Awaran, Khudar Earth Quake areas. They are being transported to hospital…",2
Small Island Emerges After Huge Pakistan Earthquake http Pakistan Earthquake,7
"Earthquake tragedy: BLF chief says international, private help welcome http via  Balochistan Earthquake Pakistan",4
"Post Kenya attack, United States issues worldwide caution: In the aftermath of the terrorist attack ... http",8
"ppl shd come out n strike against the raise in Petroleum &amp; electricity prices,#PMLN is just destroyin the nation jst to foll…",8
Witness to Pakistan blast: 'Women and children were burning': At least 40 people were killed and abo... http,0
"The A I D S pandemic was killing 5,000 Zimbabweans a week: http Zimbabwe Indonesia Pakistan Lahore Israel China  Asia",0
"【#USGS  M 2.7, Island of Hawaii, Hawaii http Pasthour",5
"USGS reports a M1.8  5km SSE of Cottonwood, California on 9/27/13 @ 20:23:42 UTC http",7
What you can do to help  Balochistan  http,4
"P A K I S T A N Pakistan hit by another earthquake in same place, at least 22 dead - GlobalPost",0
Our Emergency Readiness Wheel provides vital info on what to do in case of an  severe weather and more.  http,7
U N O help refused by Pakistan. They always Refuse. They care not. Death toll rises to 350 in quake-hit Balochistan http,0
"Tremors felt in Karachi, Larkana and Quetta",7
"Update: Death toll in today's magnitude 7.2  rises to 11. 7 bodies found in Nokju, 4 found in Lathi Awaran Bal…",0
"Temblorhot springs M 4.7, 1km NE of Borazjan, Iran http Earthquake Sismo",7
Pacific-wide  NOT expected &amp; no tsunami threat for Hawai'i after 7.2-mag  off Peru coast: Pacific Tsunami Warning Centre,5
UPDATE: Massive quake in southwest Pakistan kills 210 http,7
Thousands still without shelter in earthquake-hit areas of Balochistan  http,2
"Earthquake at 12km W of Progreso, Mexico 2.8 M. Detph 13.4 Km. - 2013-09-28 11:07:31 UTC http",7
9 Indians killed in Kashmir terror attack; leading to call to cancel India/# Pakistan peace talks. http,0
.@TBIJ has launched a news website to track drone deaths in Pakistan  http  Anti War,7
"6.8 magnitude  96km NNE of Awaran, Sep 28 12:34pm at epicenter ( 133km Dalbandin, depth 15km).",7
So N U S T is the most important issue of tweetistan. Earth Quake,7
Punjab govt donates Rs 100m for Balochistan quake victims http Balochistan Pakistan,4
'Rent a  artillery shop raided in Karachi Pakistan http,8
"Swat, Tirah Valley, South Waziristan &amp; many areas are major success stories yet the fight for soul of Pakistan is far …",8
hartquake report just click this link  http,7
Qissa Khwani Blast Peshawar: Lady Reading Hospital confirm 33 killed so far while 80+ injured received. Pakistan,0
[bqt92_bot] Richard Koshimizu's lecture “The World Gang Association”　http://t.co/9zw28XndCQ,8
Aftershock rocks quake-hit areas of Pakistan http,7
Earthquake caused an island to reemerge after 67 yrs.its called “Zalzala Koh” acc to local fisermen Gwadar Pakistan htt…,7
According to officials a new island formed from a deadly massive 7.7M earthquake in Pakistan.,7
"Help Earthquake Victims Balochistan Earthquake , They are in desperate need of ur help,Ur Help is need U N  U S http",4
Hundreds dead in Pakistan    http,0
"【#USGS  M 1.0, Central California: September 28, 2013 14:56:10 GMT http",7
came just b4 a week .. but Panjabi colonized Balochistan since 65 years,8
"while  stands ready 2 lend assis. w earthquake,  is way ahead &amp; doing a commendable job.  Pakistan Balochistan",7
M5.7  - Tonga http via,8
At least 12 dead in powerful new Balochistan earthquake: officials http Pakistan,0
"N Z: Magnitude 3.2, Friday, September 27 2013 at 9:15:33 am (NZST), 10 km south of Te Anau http",7
Pakistan once again being hammered by the BBC. Mind you it does nothing to help itself!,8
"Karachi The NationFPCCI member shot, injured in KarachiThe NationKARACHI: Member of Federation of P... http Pakistan",0
"A deadly  in Pakistan was so powerful that it created a new island, according to experts:  http",7
By supporting dialogue he wants to save the innocent citizens being killed daily. P T I Pakistan,8
Baloch Genocide: Five more dead bodies found from Panjgur were brutally killed by Pakistani forces. Balochistan  http,0
"5.2 magnitude  near  LUZON, PHILIPPINES  http",7
But be safe everyone!,5
Pakistan earthquake update:  has arranged for the delivery of high-energy biscuits to the affected people - http,4
350  deied in   no body cares nd Nust announce there dress code nd everybody loses thier mind,0
"Have you seen the island that has emerged near the Gwadar coast due to the recent Earthquake? Apparently, it is emitti…",7
